{"backdrops":[{"aspect_ratio":1.778000000000000024868995751603506505489349365234375,"height":2160,"iso_639_1":null,"file_path":"\/15uBZjvlqh09Z8dzHKhfXWI68e5.jpg","vote_average":0,"vote_count":0,"width":3840}],"id":1274823,"logos":[],"posters":[{"aspect_ratio":0.66600000000000003641531520770513452589511871337890625,"height":2560,"iso_639_1":"en","file_path":"\/kDJvCJgUiYqsiYGXpfjEyumfyX5.jpg","vote_average":3.334000000000000074606987254810519516468048095703125,"vote_count":1,"width":1706},{"aspect_ratio":0.70699999999999996180832795289461500942707061767578125,"height":1024,"iso_639_1":"fr","file_path":"\/nwabCLb5Fj931X2gxpyOkVYbDER.jpg","vote_average":0,"vote_count":0,"width":724},{"aspect_ratio":0.6670000000000000373034936274052597582340240478515625,"height":3000,"iso_639_1":"en","file_path":"\/lIm5VBnNiGoBGJ4rTPu3kNifuG8.jpg","vote_average":0,"vote_count":0,"width":2000}]}