{"backdrops":[],"id":127808,"logos":[],"posters":[{"aspect_ratio":0.6670000000000000373034936274052597582340240478515625,"height":1200,"iso_639_1":null,"file_path":"\/51HLc4WS7kF4yXJdOj83wkK2j2E.jpg","vote_average":0,"vote_count":0,"width":800},{"aspect_ratio":0.6670000000000000373034936274052597582340240478515625,"height":2048,"iso_639_1":null,"file_path":"\/hYGaRmRbzGKq4RT9P4CJP41Llzy.jpg","vote_average":0,"vote_count":0,"width":1365}]}